1,US,United States,2023/1/1,New Year's Day
2,UK,United Kingdom,2023/4/14,Good Friday
3,JP,Japan,2023/5/5,Children's Day
4,DE,Germany,2023/12/25,Christmas Day
5,FR,France,2023/7/14,Bastille Day
6,CA,Canada,2023/7/1,Canada Day
7,CN,China,2023/10/1,National Day
8,AU,Australia,2023/1/26,Australia Day
9,IT,Italy,2023/6/2,Republic Day
10,BR,Brazil,2023/9/7,Independence Day
11,ES,Spain,2023/10/12,National Day of Spain
12,KR,South Korea,2023/5/5,Children's Day
13,IN,India,2023/8/15,Independence Day
14,RU,Russia,2023/6/12,Russia Day
15,MX,Mexico,2023/9/16,Independence Day
16,SA,Saudi Arabia,2024/9/23,Saudi National Day
17,ZA,South Africa,2023/4/27,Freedom Day
18,AR,Argentina,2023/5/25,Revolution Day
19,ID,Indonesia,2023/8/17,Independence Day
20,TR,Turkey,2023/10/29,Republic Day
